,Date,City,Country,Longitude,Latitude,Cloudiness,Max Temp,Humidity,Wind Speed
0,1616804300,Karaton,ID,106.1045,-6.3424,20,82.99,83,3.44
1,1616804300,Tiksi,RU,128.8694,71.6872,100,10.83,91,6.51
2,1616804301,Harwich,GB,1.2844,51.9419,56,42.01,71,10.0
3,1616804302,Samarai,PG,150.6667,-10.6167,93,83.8,75,11.34
4,1616804302,Busselton,AU,115.3333,-33.65,69,57.0,87,5.5
5,1616804302,Norman Wells,CA,-126.8329,65.282,75,30.2,47,2.3
6,1616804303,Mataura,NZ,168.8643,-46.1927,100,61.03,66,3.31
7,1616804303,Matara,LK,80.5353,5.9485,100,76.87,87,7.9
8,1616804303,Yarmouth,US,-70.2286,41.7057,1,54.0,93,14.97
9,1616804304,Cabo San Lucas,MX,-109.9124,22.8909,40,73.0,52,11.5
10,1616804121,Hobart,AU,147.3294,-42.8794,75,60.01,82,5.75
11,1616804304,Vostok,RU,135.8833,46.4856,100,34.97,75,3.65
12,1616804305,Punta Arenas,CL,-70.9167,-53.15,75,51.01,71,8.05
13,1616804305,Srednekolymsk,RU,153.6833,67.45,39,-1.35,80,4.56
14,1616804305,Puerto Ayora,EC,-90.3518,-0.7393,60,79.0,87,4.0
15,1616804306,Atambua,ID,124.8925,-9.1061,94,78.19,79,3.06
16,1616804306,Avera,US,-82.5271,33.194,90,68.0,94,5.23
17,1616804307,Severo-Kuril'sk,RU,156.125,50.6789,100,26.15,94,21.23
18,1616804307,Vaini,TO,-175.2,-21.2,40,84.2,79,10.36
19,1616804308,Sitka,US,-135.33,57.0531,90,42.8,81,3.44
20,1616804308,New Norfolk,AU,147.0587,-42.7826,100,60.01,88,5.99
21,1616804309,Bredasdorp,ZA,20.0403,-34.5322,12,64.4,77,9.22
22,1616804309,Buluang,PH,123.3425,13.3068,98,81.0,75,3.15
23,1616804229,Cape Town,ZA,18.4232,-33.9258,75,68.0,94,2.3
24,1616804309,Chokurdakh,RU,147.9167,70.6333,80,-16.53,96,5.48
25,1616804310,Laas,IT,10.7002,46.6166,0,50.0,87,3.44
26,1616804310,Jamestown,US,-79.2353,42.097,90,43.0,93,12.3
27,1616804311,Longyearbyen,SJ,15.6401,78.2186,20,17.6,73,25.32
28,1616804311,Ribeira Grande,PT,-28.7,38.5167,45,57.9,61,6.08
29,1616804312,Barrow,US,-156.7887,71.2906,1,-9.4,70,3.44
30,1616804313,Salisbury,GB,-1.7957,51.0693,20,39.0,87,14.97
31,1616804313,Samagaltay,RU,95.0047,50.6022,16,7.9,78,4.12
32,1616804313,Iqaluit,CA,-68.5145,63.7506,20,-16.01,63,6.91
33,1616804313,Hermanus,ZA,19.2345,-34.4187,44,63.0,93,1.01
34,1616804314,Lebu,CL,-73.65,-37.6167,2,55.72,75,19.6
35,1616804314,Vestmannaeyjar,IS,-20.2734,63.4427,14,20.88,62,12.33
36,1616804314,Khatanga,RU,102.5,71.9667,94,-10.53,97,2.62
37,1616804315,Cardston,CA,-113.3019,49.2,37,42.8,42,10.36
38,1616804315,Carnarvon,AU,113.6333,-24.8667,95,77.0,65,12.66
39,1616804316,Venado Tuerto,AR,-61.9688,-33.7456,100,61.0,99,11.01
40,1616804316,Rikitea,PF,-134.9692,-23.1203,2,78.93,72,17.94
41,1616804317,Ushuaia,AR,-68.3,-54.8,75,48.2,66,5.12
42,1616804317,Hilo,US,-155.09,19.7297,75,80.6,54,11.5
43,1616804318,Castro,BR,-50.0119,-24.7911,59,64.76,92,3.09
44,1616804318,Bengkulu,ID,102.2655,-3.8004,99,77.09,87,3.56
45,1616804318,Grand Gaube,MU,57.6608,-20.0064,15,75.0,87,1.03
46,1616804110,George Town,MY,100.3354,5.4112,40,78.01,100,2.15
47,1616804319,Kapaa,US,-159.319,22.0752,75,79.0,78,9.22
48,1616804319,Sarankhola,BD,89.7897,22.3082,13,75.09,56,4.81
49,1616804320,Kitui,KE,38.0106,-1.367,98,65.43,72,1.9
50,1616804321,Kendari,ID,122.4989,-3.945,100,78.66,87,3.11
51,1616804032,Nouakchott,MR,-15.9785,18.0858,1,71.6,60,20.71
52,1616804321,Ulladulla,AU,150.4667,-35.35,9,73.4,46,6.91
53,1616804321,Katsuura,JP,140.3,35.1333,20,57.99,54,5.75
54,1616804250,Nome,US,-165.4064,64.5011,90,14.0,73,11.5
55,1616804322,Kaitangata,NZ,169.8464,-46.2817,91,63.0,75,4.0
56,1616804323,Camacha,PT,-16.3333,33.0833,40,62.6,94,14.97
57,1616804104,Hithadhoo,MV,73.0833,-0.6,65,82.42,71,7.23
58,1616804323,Avarua,CK,-159.775,-21.2078,40,84.2,70,12.66
59,1616804324,Owatonna,US,-93.226,44.0839,90,48.2,66,4.61
60,1616804324,Nālūt,LY,10.85,30.3333,0,53.92,29,9.71
61,1616804324,Aklavik,CA,-135.0107,68.2191,97,-2.2,71,8.05
62,1616804325,Deputatsky,RU,139.9,69.3,100,0.21,70,0.67
63,1616804325,Qaanaaq,GL,-69.3632,77.484,100,-9.45,65,4.83
64,1616804326,San Patricio,US,-97.5169,28.017,75,78.8,73,17.27
65,1616804327,Anloga,GH,0.8973,5.7947,40,82.4,83,10.36
66,1616804327,Mar del Plata,AR,-57.5575,-38.0023,75,64.99,88,27.63
67,1616804328,Birao,CF,22.7882,10.2849,83,79.88,51,3.87
68,1616804328,Lavrentiya,RU,-171.0,65.5833,100,3.81,79,6.82
69,1616804328,Atuona,PF,-139.0333,-9.8,33,81.0,74,18.9
70,1616804329,Sioux Lookout,CA,-91.917,50.1001,90,37.4,52,9.22
71,1616804330,Saint-Pierre,RE,55.4781,-21.3393,8,77.0,73,5.75
72,1616804330,Ahipara,NZ,173.1667,-35.1667,92,69.21,75,15.46
73,1616804331,Yerbogachën,RU,108.0108,61.2767,85,6.94,95,4.7
74,1616804331,Gwadar,PK,62.3254,25.1216,90,75.4,64,7.81
75,1616804332,Port Elizabeth,ZA,25.5701,-33.918,0,66.2,72,17.27
76,1616804332,Aiken,US,-81.5998,33.5835,90,68.0,94,5.75
77,1616804332,Arraial do Cabo,BR,-42.0278,-22.9661,0,78.8,83,6.91
78,1616804333,Eureka,US,-124.1637,40.8021,0,61.0,70,8.99
79,1616804333,Shimoda,JP,138.95,34.6667,0,57.2,47,10.36
80,1616804334,Takoradze,GH,-1.7554,4.8845,29,79.45,85,6.76
81,1616804334,Clyde River,CA,-68.5914,70.4692,1,-14.8,70,3.44
82,1616804335,Maumere,ID,122.2111,-8.6199,100,81.7,79,5.41
83,1616804335,Kibala,TD,18.3463,9.1104,0,84.2,54,3.69
84,1616804336,Bambous Virieux,MU,57.7575,-20.3428,20,75.2,88,6.91
85,1616804336,Tuktoyaktuk,CA,-133.0374,69.4541,40,-7.6,71,8.05
86,1616804337,Albany,US,-73.9662,42.6001,71,51.01,73,3.0
87,1616804337,Foumban,CM,10.9001,5.7291,100,67.68,83,3.62
88,1616804338,Touros,BR,-35.4608,-5.1989,75,77.0,83,6.91
89,1616804339,Pachino,IT,15.0907,36.7186,0,45.0,87,3.44
90,1616804339,Mugur-Aksy,RU,90.5,50.35,15,4.78,63,5.28
91,1616804339,Lüderitz,NA,15.1594,-26.6481,0,62.37,80,8.59
92,1616804340,Agüimes,ES,-15.4461,27.9054,20,64.99,72,5.75
93,1616804340,Mandera,KE,41.867,3.9366,12,79.12,42,18.68
94,1616804340,Mbanza-Ngungu,CD,14.8667,-5.25,100,67.93,95,1.39
95,1616804341,Kharovsk,RU,40.1912,59.9642,100,30.76,98,2.44
96,1616804341,Sawākin,SD,37.3321,19.1059,11,72.75,64,12.3
97,1616804342,Saint George,US,-113.5841,37.1041,1,61.0,25,20.71
98,1616804343,Faya,SA,42.4509,18.3851,0,60.8,67,1.32
99,1616804168,Port Macquarie,AU,152.9167,-31.4333,71,79.0,57,1.99
100,1616804343,Port Alfred,ZA,26.891,-33.5906,87,69.21,84,23.71
101,1616804344,Harper,LR,-7.7169,4.375,1,78.3,90,7.07
102,1616804344,Bethel,US,-73.414,41.3712,75,68.0,37,19.57
103,1616804345,Upata,VE,-62.3989,8.0086,93,75.99,84,7.0
104,1616804345,East London,ZA,27.9116,-33.0153,54,68.74,85,17.13
105,1616804345,Ol'ga,RU,135.2892,43.7444,100,39.02,60,9.66
106,1616804346,Kawalu,ID,108.2082,-7.3817,94,74.68,90,0.65
107,1616804346,Faanui,PF,-151.75,-16.4833,10,82.87,73,22.06
108,1616804346,Saint Paul Harbor,US,-152.4072,57.79,20,37.4,44,8.05
109,1616804347,Cabedelo,BR,-34.8339,-6.9811,40,75.2,100,5.75
110,1616804347,Bluff,NZ,168.3333,-46.6,100,57.92,78,5.12
111,1616804347,Nemuro,JP,145.575,43.3236,20,37.4,44,4.61
112,1616804348,Pisco,PE,-76.2167,-13.7,0,69.8,73,20.71
113,1616804348,Klaksvík,FO,-6.589,62.2266,40,39.2,48,13.8
114,1616804350,Tessalit,ML,1.0114,20.1986,0,72.82,12,20.83
115,1616804350,Semnan,IR,53.3971,35.5729,30,58.15,43,1.25
116,1616804350,Zhigansk,RU,123.3711,66.7697,100,11.84,93,20.89
117,1616804351,San Fernando del Valle de Catamarca,AR,-65.7852,-28.4696,76,61.0,99,8.77
118,1616804303,San Andrés,CO,-81.7006,12.5847,40,78.8,83,11.5
119,1616804352,Hasaki,JP,140.8333,35.7333,20,57.99,54,3.44
120,1616804352,Rapid City,US,-103.231,44.0805,90,42.8,65,13.8
121,1616804353,Saint-Philippe,RE,55.7679,-21.3585,24,77.0,73,5.75
122,1616804353,Monte Carmelo,BR,-47.4986,-18.7247,45,68.86,62,0.54
123,1616804354,Thompson,CA,-97.8558,55.7435,90,23.0,80,9.22
124,1616804355,Fort-Shevchenko,KZ,50.263,44.5086,10,41.85,82,23.11
125,1616804355,Taltal,CL,-70.4833,-25.4,23,66.04,76,3.8
126,1616804356,Oistins,BB,-59.5333,13.0667,40,77.0,65,21.85
127,1616804196,Hong Kong,HK,114.1577,22.2855,100,73.0,86,10.45
128,1616804358,Tuatapere,NZ,167.6833,-46.1333,100,60.48,72,6.8
129,1616804358,Mocuba,MZ,36.9856,-16.8392,3,69.53,97,3.69
130,1616804358,Canto do Buriti,BR,-42.9444,-8.11,94,77.54,62,2.06
131,1616804359,Kyshtovka,RU,76.6271,56.555,100,28.47,94,10.78
132,1616804359,Ancud,CL,-73.8203,-41.8697,0,55.0,82,4.61
133,1616804360,Airai,TL,125.4092,-8.9266,94,67.78,76,2.06
134,1616804360,Berlevåg,NO,29.0864,70.8578,60,32.34,87,27.11
135,1616804361,Itarema,BR,-39.9167,-2.9248,98,76.08,87,9.35
136,1616804361,Saskylakh,RU,114.0833,71.9167,98,3.54,96,3.13
137,1616804362,Soyo,AO,12.3689,-6.1349,100,78.21,82,4.09
138,1616804362,Tierra Nueva,MX,-100.5667,21.6833,100,82.17,8,2.46
139,1616804362,Ludza,LV,27.7167,56.55,4,32.2,92,1.68
140,1616804362,Geraldton,AU,114.6,-28.7667,17,64.4,72,10.36
141,1616804363,College,US,-147.8028,64.8569,90,27.0,54,6.91
142,1616804240,Ixtapa,MX,-105.2,20.7,40,73.4,73,13.8
143,1616804363,Yellowknife,CA,-114.3525,62.456,20,16.0,66,11.5
144,1616804364,Kutum,SD,24.6667,14.2,80,67.15,18,13.27
145,1616804364,Rurrenabaque,BO,-67.5278,-14.4413,75,78.8,94,1.74
146,1616804365,Timmins,CA,-81.3331,48.4669,20,30.2,59,9.22
147,1616804366,Coquimbo,CL,-71.3436,-29.9533,0,57.2,88,5.75
148,1616804366,Nehe,CN,124.8333,48.4833,66,39.4,74,3.06
149,1616804366,Nouadhibou,MR,-17.0347,20.931,5,64.4,88,16.11
150,1616804367,Along,IN,94.7667,28.1667,15,57.81,49,1.88
151,1616804367,Mount Isa,AU,139.5,-20.7333,0,87.8,23,14.97
152,1616804367,Nikolskoye,RU,30.7861,59.7035,75,34.0,100,2.24
153,1616804368,Kiryat Gat,IL,34.7642,31.61,99,52.0,100,9.78
154,1616804368,Sonāmukhi,IN,87.4167,23.3,0,74.23,22,4.27
155,1616804368,Khovd,MN,91.6419,48.0056,47,22.62,39,1.43
156,1616804369,Caravelas,BR,-39.2481,-17.7125,0,75.67,78,5.06
157,1616804369,Turukhansk,RU,87.9833,65.8167,100,27.88,97,13.62
158,1616804370,Ostrovnoy,RU,39.5131,68.0531,38,21.25,89,19.04
159,1616804370,Bud,US,-86.1758,39.447,98,52.0,80,3.47
160,1616804371,Pendleton,US,-118.7886,45.6721,20,59.0,35,11.5
161,1616804371,Souillac,MU,57.5167,-20.5167,20,75.2,88,6.91
162,1616804371,Dikson,RU,80.5464,73.5069,100,-6.25,100,10.87
163,1616804371,Champerico,GT,-91.9167,14.3,75,84.2,74,4.61
164,1616804371,Belmonte,BR,-38.8828,-15.8631,0,78.8,73,8.05
165,1616804372,Kuzovatovo,RU,47.6866,53.5468,100,32.13,98,7.45
166,1616804372,Itatskiy,RU,89.0369,56.07,96,23.47,88,11.18
167,1616804373,Quthing,LS,27.7003,-30.4,50,55.81,56,2.19
168,1616804373,Constitución,CL,-72.4167,-35.3333,0,58.32,72,11.59
169,1616804373,Butaritari,KI,172.7902,3.0707,25,81.77,75,12.39
170,1616804373,High Level,CA,-117.136,58.5169,20,35.6,35,5.75
171,1616804374,São Filipe,CV,-24.4956,14.8961,8,70.72,76,18.21
172,1616804374,Port Hardy,CA,-127.4199,50.6996,90,46.4,76,9.22
173,1616804374,Salalah,OM,54.0924,17.0151,0,73.4,27,5.75
174,1616804375,Tartagal,AR,-63.8013,-22.5164,100,65.53,98,7.65
175,1616804375,Vila Velha,BR,-40.2925,-20.3297,0,77.0,83,3.44
176,1616804376,Walvis Bay,NA,14.5053,-22.9575,37,61.0,100,2.3
177,1616804376,Vanimo,PG,141.3028,-2.6741,97,82.99,72,3.78
178,1616804376,Gravdal,NO,13.5031,68.1214,87,37.35,79,16.28
179,1616804377,Alofi,NU,-169.9187,-19.0595,10,84.2,74,16.11
180,1616804185,Portland,US,-122.6762,45.5234,40,57.0,47,1.9
181,1616804377,Alihe,CN,123.7167,50.5667,100,33.24,95,3.15
182,1616804378,Kollam,IN,76.6,8.8833,40,82.4,83,4.23
183,1616804378,Campana,AR,-58.9591,-34.1687,84,69.01,88,1.77
184,1616804379,Colon,VE,-72.2605,8.0313,75,71.6,100,3.44
185,1616804379,Shenjiamen,CN,122.298,29.9576,85,57.43,98,16.84
186,1616804380,Umba,RU,34.3429,66.6871,73,26.69,90,6.93
187,1616804380,Marsh Harbour,BS,-77.0636,26.5412,34,75.92,74,10.29
188,1616804381,Sabla,NG,4.7077,12.7525,65,81.64,10,18.9
189,1616804301,Kathmandu,NP,85.3167,27.7167,20,53.6,71,2.3
190,1616804382,Vila Franca do Campo,PT,-25.4333,37.7167,20,55.4,76,4.61
191,1616804382,Härnösand,SE,17.9379,62.6323,40,37.99,93,2.3
192,1616804382,Kavieng,PG,150.7967,-2.5744,99,83.28,73,10.18
193,1616804383,Saint-Paul,RE,55.2707,-21.0096,0,75.0,88,4.61
194,1616804383,Sol'-Iletsk,RU,54.9918,51.1631,100,24.31,97,6.67
195,1616804384,Adolfo López Mateos,MX,-107.3,28.4667,0,63.0,7,13.0
196,1616804384,Semeykino,UA,39.5337,48.3264,81,32.72,93,4.07
197,1616804385,Chui,UY,-53.4616,-33.6971,100,67.78,94,5.79
198,1616804385,Upernavik,GL,-56.1549,72.7868,14,-32.46,89,4.47
199,1616804386,Balikpapan,ID,116.8289,-1.2675,100,74.64,95,5.03
200,1616804386,Zwedru,LR,-8.1281,6.0667,18,74.08,93,4.07
201,1616804387,Mossamedes,AO,12.1522,-15.1961,87,73.02,83,8.43
202,1616804387,Tutóia,BR,-42.2744,-2.7619,93,75.6,91,4.23
203,1616804388,Quijingue,BR,-39.2092,-10.7525,98,74.79,62,10.42
204,1616804389,Guerrero Negro,MX,-114.0611,27.9769,0,61.86,53,17.31
205,1616804390,Sangar,RU,127.4739,63.9242,100,11.44,92,13.47
206,1616804390,Nazarovo,RU,90.3914,56.0064,99,18.81,91,7.31
207,1616804391,Grindavik,IS,-22.4338,63.8424,75,17.6,67,10.36
208,1616804391,Gilgit,PK,74.3087,35.9221,99,47.93,56,3.36
209,1616804392,Teknāf,BD,92.3058,20.8624,6,74.41,43,6.38
210,1616804392,Broome,US,-75.833,42.2506,90,46.4,71,12.66
211,1616804393,Fairbanks,US,-147.7164,64.8378,90,27.0,74,6.91
212,1616804393,Mareeba,AU,145.4333,-17.0,87,87.8,66,10.36
213,1616804394,Palencia,ES,-4.5,42.4167,63,44.01,84,5.99
214,1616804395,Potsdam,DE,13.0657,52.3989,0,48.0,81,6.91
215,1616804396,Visnes,NO,5.2242,59.3556,75,44.01,87,13.8
216,1616804397,Tasiilaq,GL,-37.6368,65.6145,75,6.8,47,9.22
217,1616804398,Sisimiut,GL,-53.6735,66.9395,76,-10.59,88,11.21
218,1616804398,Nassau,US,-73.5829,40.7507,1,66.2,39,25.32
219,1616804398,Aksarka,RU,67.7975,66.5606,86,-9.31,100,2.17
220,1616804399,Sayyan,YE,44.3244,15.1718,13,54.32,12,3.8
221,1616804399,Kapit,MY,112.9333,2.0167,100,73.09,99,0.65
222,1616804399,Novaya Mayna,RU,49.75,54.15,100,28.4,86,4.47
223,1616804400,Talnakh,RU,88.3972,69.4865,100,15.58,94,9.62
224,1616804400,Aguadas,CO,-75.4562,5.6116,75,59.0,94,4.61
225,1616804400,Hoskote,IN,77.1699,14.2769,58,74.68,45,5.82
226,1616804401,Imbituba,BR,-48.6703,-28.24,0,78.8,78,10.36
227,1616804401,Aden,YE,45.0367,12.7794,80,78.31,69,12.82
228,1616804400,Emerald,AU,148.1667,-23.5333,0,82.99,54,3.44
229,1616804402,Torbay,CA,-52.7314,47.6666,90,44.01,100,9.22
230,1616804402,Lábrea,BR,-64.7981,-7.2586,35,75.7,83,2.17
231,1616804402,Tautira,PF,-149.15,-17.7333,20,87.8,62,2.3
232,1616804403,Bubaque,GW,-15.8333,11.2833,4,76.87,74,16.04
233,1616804404,Ola,RU,151.2833,59.5833,46,2.16,82,2.55
234,1616804404,Pangnirtung,CA,-65.7125,66.1451,40,-23.06,86,5.73
235,1616804404,Kupang,ID,123.5833,-10.1667,20,82.4,100,1.14
236,1616804262,Jiaojiang,CN,121.4428,28.6803,44,64.99,96,5.57
237,1616804405,Korsholm,FI,21.6822,63.1142,40,37.4,87,11.5
238,1616804108,Alice Springs,AU,133.8833,-23.7,33,87.01,53,3.44
239,1616804406,Havre-St-Pierre,CA,-63.5986,50.2334,90,28.4,59,24.16
240,1616804407,Byron Bay,AU,153.6167,-28.65,68,75.99,69,3.44
241,1616804407,Quatre Cocos,MU,57.7625,-20.2078,20,75.2,88,6.91
242,1616804408,Mount Gambier,AU,140.7667,-37.8333,75,60.8,77,9.22
243,1616804408,Vuktyl,RU,57.3094,63.8567,95,16.59,96,5.48
244,1616804408,Ipanguaçu,BR,-36.855,-5.4983,100,78.04,83,4.63
245,1616804409,Magway,MM,94.9167,20.15,55,80.38,37,1.43
246,1616804410,Pevek,RU,170.3133,69.7008,90,-20.09,93,5.1
247,1616804410,Alindao,CF,21.2088,5.0267,87,67.77,95,4.27
248,1616804411,Provideniya,RU,-173.3,64.3833,100,7.12,85,12.88
249,1616804411,Coahuayana Viejo,MX,-103.6833,18.7333,75,75.2,53,5.37
250,1616804411,Itumba,TZ,33.1833,-9.4,100,61.68,97,3.18
251,1616804412,Lagoa,PT,-27.9833,39.05,48,56.79,61,7.74
252,1616804412,Osoyoos,CA,-119.4524,49.0331,22,62.6,25,3.44
253,1616804412,Sukumo,JP,132.7333,32.9333,5,63.55,65,7.4
254,1616804413,San Quintín,MX,-115.95,30.4833,15,57.9,61,16.02
255,1616804413,Sørland,NO,12.6934,67.667,100,40.91,78,22.06
256,1616804414,Kruisfontein,ZA,24.7314,-34.0033,13,64.99,70,1.99
257,1616804414,Gerāsh,IR,54.1371,27.6652,0,62.6,45,3.04
258,1616804415,Ranong,TH,98.6348,9.9658,20,78.8,89,2.3
259,1616804415,Xichang,CN,102.2634,27.8964,2,50.74,72,1.63
260,1616804416,Samaná,DO,-69.3369,19.2056,40,78.8,83,10.94
261,1616804417,Auly,UA,34.4949,48.5271,0,33.8,86,4.47
262,1616804417,Barvinkove,UA,37.0205,48.9097,94,38.52,80,5.82
263,1616804418,Dzhebariki-Khaya,RU,135.8,62.2167,100,14.94,79,3.22
264,1616804347,Aksu,CN,80.2644,41.1231,100,53.76,29,3.38
265,1616804419,Saint Anthony,US,-93.218,45.0205,1,46.99,49,6.91
266,1616804419,Terra Santa,BR,-56.4869,-2.1042,41,74.41,91,3.27
267,1616804420,Tadine,NC,167.8833,-21.55,36,81.91,66,10.25
268,1616804420,Zhangaözen,KZ,52.8,43.3,89,39.2,73,7.05
269,1616804420,Kovdor,RU,30.4758,67.5662,97,30.56,88,7.23
270,1616804420,Kemijärvi,FI,27.4306,66.7131,97,30.13,96,7.85
271,1616804421,Rawson,AR,-65.1023,-43.3002,1,60.15,63,7.31
272,1616804421,Sinnamary,GF,-52.95,5.3833,30,77.86,83,10.6
273,1616804422,Vangaindrano,MG,47.6,-23.35,23,71.56,95,3.36
274,1616804422,Fatezh,RU,35.8632,52.0891,100,33.01,87,1.99
275,1616804423,Bloomington,US,-93.2983,44.8408,75,46.99,57,9.22
276,1616804423,Camaná,PE,-72.7111,-16.6228,97,70.93,79,6.08
277,1616804424,Anadyr,RU,177.4833,64.75,0,0.0,78,8.95
278,1616804424,Noumea,NC,166.4572,-22.2763,0,89.6,55,9.22
279,1616804424,Manzhouli,CN,117.4333,49.6,83,33.44,72,4.88
280,1616804424,Iwaki,JP,140.8833,37.05,37,55.99,40,1.99
281,1616804425,Mtambile,TZ,39.7,-5.3833,91,81.14,76,4.41
282,1616804425,Fortuna,US,-124.1573,40.5982,1,57.99,76,14.97
283,1616804426,Warman,CA,-106.5679,52.3168,40,32.0,55,14.97
284,1616804426,North Myrtle Beach,US,-78.68,33.816,20,68.0,88,4.61
285,1616804427,Cherskiy,RU,161.3,68.75,92,-5.75,89,8.55
286,1616804427,Tairua,NZ,175.85,-37.0167,73,71.01,68,13.0
287,1616804428,Basco,PH,121.9702,20.4487,26,78.06,81,15.9
288,1616804428,Kuvandyk,RU,57.3552,51.4781,99,23.31,96,4.21
289,1616804429,Marawi,PH,124.2928,7.9986,97,80.01,76,3.0
290,1616804429,Cidreira,BR,-50.2056,-30.1811,100,68.27,92,7.02
291,1616804430,Volnovakha,UA,37.4967,47.601,87,35.01,100,17.0
292,1616804430,Xilópolis,GR,23.1794,40.9271,1,39.0,56,1.01
293,1616804430,Dunn,US,-91.8835,44.95,1,39.99,60,3.44
294,1616804431,Moerai,PF,-151.3333,-22.4333,1,81.63,71,15.66
295,1616804431,Jinxiang,CN,120.6062,27.4327,30,62.65,88,5.86
296,1616804431,Copiapó,CL,-70.3333,-27.3667,90,57.2,82,6.91
297,1616804432,Balkhash,KZ,74.9804,46.844,82,36.66,88,5.39
298,1616804432,Petropavlovsk-Kamchatskiy,RU,158.6483,53.0452,100,23.0,54,4.47
299,1616804433,Kostanay,KZ,63.5833,53.1667,0,23.0,80,6.71
300,1616804434,Laguna,US,-121.4238,38.421,1,73.4,16,11.5
301,1616804434,Narsaq,GL,-46.05,60.9167,20,5.0,51,9.22
302,1616804252,Turan,VN,108.2208,16.0678,75,77.0,94,4.61
303,1616804435,Boa Vista,BR,-60.6733,2.8197,75,87.8,55,8.05
304,1616804436,Saldanha,ZA,17.9442,-33.0117,24,62.6,88,2.3
305,1616804377,Padang,ID,100.3543,-0.9492,40,75.2,100,2.3
306,1616804437,Benguela,AO,13.4055,-12.5763,95,75.99,78,2.59
307,1616804438,Amapá,BR,-52.0,1.0,26,71.11,98,2.71
308,1616804438,Manono,CD,27.4167,-7.3,66,65.25,94,2.21
309,1616804438,Paraíso,CR,-83.8656,9.8383,20,77.0,73,14.97
310,1616804439,Ust-Nera,RU,143.2,64.5667,100,-2.67,90,4.09
311,1616804439,Saquarema,BR,-42.5103,-22.92,0,78.8,83,6.91
312,1616804440,Tuytepa,UZ,69.3625,41.0321,0,53.6,82,6.91
313,1616804440,Suntar,RU,117.6319,62.1444,66,13.14,92,4.54
314,1616804441,Ballina,AU,153.5667,-28.8667,84,77.0,69,3.44
315,1616804441,Inuvik,CA,-133.7218,68.3499,99,-2.2,71,8.05
316,1616804441,Gweta,BW,25.2333,-20.1833,10,74.89,36,1.52
317,1616804442,Arlit,NE,7.3853,18.7369,0,65.75,13,9.71
318,1616804442,Merauke,ID,140.3333,-8.4667,98,80.28,84,8.81
319,1616804443,Fayaoué,NC,166.5333,-20.65,35,80.29,71,9.89
320,1616804443,Belaya Gora,RU,146.4167,68.5333,86,-7.74,90,4.03
321,1616804444,Ukiah,US,-123.2078,39.1502,1,73.4,18,4.05
322,1616804444,Bara,NG,10.7288,10.3744,76,77.13,14,8.5
323,1616804444,Mednogorsk,RU,57.595,51.4128,100,22.71,96,4.63
324,1616804445,Ust-Tsilma,RU,52.1498,65.441,50,10.22,97,3.22
325,1616804445,Najrān,SA,44.1277,17.4924,0,66.2,24,4.61
326,1616804445,Yantal',RU,105.2542,56.8471,98,19.85,96,2.95
327,1616804446,Te Anau,NZ,167.7167,-45.4167,100,63.45,57,3.8
328,1616804446,Kropotkin,RU,40.5756,45.4375,100,37.0,90,6.58
329,1616804447,Meadow Lake,US,-106.5436,34.8014,75,54.0,26,10.36
330,1616804447,Bathsheba,BB,-59.5167,13.2167,40,77.0,65,21.85
331,1616804448,Jiehu,CN,118.455,35.5428,100,52.36,89,5.35
332,1616804448,Vao,NC,167.4833,-22.6667,24,78.39,75,13.58
333,1616804449,Sola,VU,167.55,-13.8833,75,87.8,74,5.75
334,1616804449,Pimentel,PE,-79.9342,-6.8367,0,71.6,78,21.85
335,1616804449,Lorengau,PG,147.2712,-2.0226,100,83.88,75,6.69
336,1616804450,Acajutla,SV,-89.8275,13.5928,20,89.6,40,4.61
337,1616804450,Kavaratti,IN,72.642,10.5669,40,82.78,74,1.14
338,1616804450,Mitú,CO,-70.1733,1.1983,95,71.98,93,2.04
339,1616804451,Alta Floresta,BR,-56.0861,-9.8756,20,80.6,83,2.3
340,1616804451,Umm Kaddadah,SD,26.6876,13.6017,53,71.51,16,20.89
341,1616804402,Makkah al Mukarramah,SA,39.8261,21.4267,0,71.2,49,6.78
342,1616804452,Zharkovskiy,RU,32.2697,55.849,93,33.37,98,1.88
343,1616804452,Loikaw,MM,97.2094,19.6742,96,71.22,50,1.61
344,1616804452,Kuala Terengganu,MY,103.1408,5.3302,40,78.8,94,2.3
345,1616804453,Salta,AR,-65.4117,-24.7859,75,62.6,94,8.05
346,1616804453,Port Lincoln,AU,135.8667,-34.7333,44,64.99,58,9.57
347,1616804453,Lumeje,AO,20.7833,-11.55,100,65.53,94,4.59
348,1616804454,Posse,BR,-46.3694,-14.0931,69,69.44,56,2.59
349,1616804454,Dwārka,IN,68.9678,22.2394,2,77.88,73,11.81
350,1616804330,Ninghai,CN,121.4247,29.2892,97,64.99,96,3.4
351,1616804455,Muros,ES,-9.0603,42.7762,41,44.01,92,9.64
352,1616804456,Hualmay,PE,-77.6139,-11.0964,49,70.47,81,7.23
353,1616804456,Ponta do Sol,PT,-17.1,32.6667,40,64.4,88,6.91
354,1616804457,Mahébourg,MU,57.7,-20.4081,20,75.2,88,6.91
355,1616804458,Makarov,RU,142.8,48.6333,22,29.07,76,5.06
356,1616804458,Kano,NG,8.5167,12.0001,84,73.4,15,10.36
357,1616804458,Hailey,US,-114.3153,43.5196,40,44.6,42,9.22
358,1616804459,Potiskum,NG,11.0694,11.7091,91,72.99,15,8.95
359,1616804459,Ucluelet,CA,-125.5528,48.9329,20,51.01,76,13.8
360,1616804460,Cap Malheureux,MU,57.6142,-19.9842,14,75.0,87,1.39
361,1616804460,Viedma,AR,-62.9967,-40.8135,85,56.52,54,6.98
362,1616804460,Dingle,PH,122.6711,10.9995,72,81.0,77,9.55
363,1616804460,Beisfjord,NO,17.5988,68.3751,82,39.2,56,3.44
364,1616804461,Roebourne,AU,117.1333,-20.7833,1,82.58,62,4.36
365,1616804461,Kitimat,CA,-128.6534,54.0524,100,39.99,89,4.0
366,1616804241,St. George's,GD,-61.7485,12.0564,20,78.8,78,13.8
367,1616804461,Muravlenko,RU,74.523,63.7898,99,15.33,89,7.74
368,1616804462,Makakilo City,US,-158.0858,21.3469,90,82.4,69,8.05
369,1616804463,Oranjemund,NA,16.4333,-28.55,0,60.62,82,3.4
370,1616804463,Ilulissat,GL,-51.1,69.2167,10,-13.0,48,7.29
371,1616804464,Leiyang,CN,112.8591,26.4024,88,68.0,86,0.94
372,1616804465,Yangi Marg`ilon,UZ,71.7189,40.4272,75,51.8,93,2.3
373,1616804465,Dauriya,RU,116.8667,49.9333,87,32.77,73,7.05
374,1616804203,Rome,US,-75.4557,43.2128,90,42.8,87,17.27
375,1616804466,San Felipe,VE,-68.7425,10.3399,73,70.75,92,5.93
376,1616804466,Pudozh,RU,36.5345,61.8099,100,31.78,99,1.19
377,1616804467,Toropets,RU,31.6353,56.4978,92,33.01,97,1.54
378,1616804467,Djibouti,DJ,42.5,11.5,1,77.0,78,11.16
379,1616804402,Verkhoyansk,RU,133.385,67.5447,100,5.79,89,3.15
380,1616804468,Saint-Félicien,CA,-72.4491,48.6501,90,37.4,48,9.22
381,1616804469,Kostomuksha,RU,30.5767,64.571,65,32.41,84,9.01
382,1616804469,Fevik,NO,8.6766,58.3794,75,42.8,87,11.5
383,1616804469,Nanortalik,GL,-45.2371,60.1432,27,7.47,69,25.14
384,1616804470,Marathon,US,-89.7668,44.9,1,39.2,56,3.44
385,1616804470,Novo Aripuanã,BR,-60.3797,-5.1206,52,74.26,96,2.73
386,1616804471,Wanning,CN,110.3967,18.8003,57,75.61,79,3.87
387,1616804207,Naze,JP,129.4833,28.3667,75,68.0,68,17.27
388,1616804471,Itaituba,BR,-55.9836,-4.2761,20,84.2,74,1.5
389,1616804471,Navalmoral de la Mata,ES,-5.5406,39.8916,55,48.0,53,3.0
390,1616804229,Jiuquan,CN,98.5174,39.7432,6,45.16,25,1.3
391,1616804472,Bosobolo,CD,19.9,4.1833,99,69.04,92,2.84
392,1616804473,Doha,QA,51.5333,25.2867,0,78.01,78,2.3
393,1616804473,Vinukonda,IN,79.75,16.05,34,74.32,75,2.86
394,1616804474,Killybegs,IE,-8.45,54.6333,94,35.01,90,5.99
395,1616804475,Pouébo,NC,164.5667,-20.4,23,84.61,61,8.23
396,1616804476,Galesong,ID,119.3661,-5.3166,20,77.0,94,4.61
397,1616804477,Puerto Quijarro,BO,-57.7667,-17.7833,20,81.84,49,1.34
398,1616804478,Casper,US,-106.3131,42.8666,20,37.4,65,3.53
399,1616804478,Waddān,LY,16.139,29.1614,2,52.56,53,8.59
400,1616804479,Palanga,LT,21.0686,55.9175,20,41.0,70,5.75
401,1616804411,Porbandar,IN,69.6093,21.6422,1,78.04,60,9.24
402,1616804480,Leticia,CO,-69.9406,-4.2153,40,77.0,100,2.3
403,1616804481,Qandala,SO,49.8728,11.472,68,77.49,60,5.46
404,1616804481,Lewiston,US,-70.2148,44.1003,20,53.01,100,3.44
405,1616804482,Hofn,IS,-15.2082,64.2539,94,18.45,65,19.08
406,1616804482,North Bay,CA,-79.4663,46.3168,90,32.0,86,8.05
407,1616804483,Saint-Augustin,CA,-58.6502,51.226,100,18.45,79,17.74
408,1616804483,Arteaga,MX,-102.4167,18.4667,35,74.23,47,7.2
409,1616804484,Salym,RU,71.4789,60.0625,100,31.95,98,4.14
410,1616804484,Traverse City,US,-85.6206,44.7631,90,33.8,75,8.05
411,1616804485,Jablah,SY,35.9256,35.3614,40,42.8,75,4.61
412,1616804485,Tungor,RU,142.9564,53.3808,80,19.67,85,5.99
413,1616804486,Skjervøy,NO,20.9714,70.0311,93,37.67,74,16.49
414,1616804486,Mendi,PG,143.6513,-6.1761,98,68.04,69,2.86
415,1616804417,Mackay,AU,149.2,-21.15,1,84.2,70,8.05
416,1616804487,Zabid,YE,43.3152,14.1951,9,76.53,66,5.03
417,1616804487,Nuuk,GL,-51.7216,64.1835,20,-14.13,80,11.32
418,1616804488,Dūngarpur,IN,73.7167,23.8333,0,77.05,18,3.2
419,1616804488,Tiarei,PF,-149.3333,-17.5333,20,87.8,62,2.3
420,1616804320,Zhuhai,CN,113.5678,22.2769,40,75.99,88,3.44
421,1616804475,Panzhihua,CN,101.7128,26.5851,0,54.0,54,2.46
422,1616804489,Nishihara,JP,127.7558,26.1842,20,75.2,69,16.11
423,1616804490,Mpulungu,ZM,31.1141,-8.7623,100,70.48,84,2.28
424,1616804491,Sfântu Gheorghe,RO,25.7833,45.8667,8,30.99,79,0.83
425,1616804491,Atar,MR,-13.0499,20.5169,4,80.2,14,7.34
426,1616804492,Heidelberg,ZA,28.3592,-26.5048,0,55.0,45,2.73
427,1616804493,Sur,OM,59.5289,22.5667,93,78.44,53,3.06
428,1616804493,San Vicente,AR,-54.1333,-26.6167,97,68.83,82,2.3
429,1616804494,São José da Coroa Grande,BR,-35.1478,-8.8978,95,77.68,83,6.82
430,1616804494,Melfi,IT,15.6514,40.9965,40,39.2,70,20.71
431,1616804496,Kirakira,SB,161.9205,-10.4544,54,86.09,70,9.1
432,1616804497,Boguchany,RU,97.4531,58.3814,93,16.5,96,3.47
433,1616804497,Kumul,CN,93.45,42.8,83,53.28,39,8.48
434,1616804498,Hirara,JP,125.2833,24.8,20,75.2,83,19.57
435,1616804498,Shelburne,CA,-80.2041,44.0787,96,35.01,100,9.55
436,1616804499,Westerland,DE,8.3033,54.9079,75,48.2,71,14.97
437,1616804500,Bāneh,IR,45.8853,35.9975,71,39.52,63,5.21
438,1616804501,Kismayo,SO,42.5454,-0.3582,89,79.41,76,14.5
439,1616804501,Wates,ID,111.9541,-8.1326,97,77.97,88,0.29
440,1616804502,Ovalle,CL,-71.2003,-30.5983,0,71.22,35,3.15
441,1616804503,Quelimane,MZ,36.8883,-17.8786,0,77.0,88,3.56
442,1616804503,Manaure,CO,-72.4445,11.7751,0,80.26,67,22.95
443,1616804503,Zambezi,ZM,23.1047,-13.5432,100,64.49,95,5.91
444,1616804503,Panama City,PA,-79.5197,8.9936,40,84.2,65,13.8
445,1616804504,Luau,AO,22.2247,-10.7073,97,64.6,96,3.24
446,1616804504,Mitsamiouli,KM,43.2844,-11.3847,6,81.9,75,4.18
447,1616804505,Karpathos,GR,27.2132,35.507,6,53.6,50,13.8
448,1616804505,Kurumkan,RU,110.3,54.3,98,22.71,86,2.48
449,1616804505,Berbérati,CF,15.7922,4.2612,89,69.58,87,2.42
450,1616804506,Rudnogorsk,RU,103.7519,57.2639,96,15.21,97,2.28
451,1616804506,Brainerd,US,-94.2008,46.358,75,42.8,52,3.44
452,1616804507,Roald,NO,6.1333,62.5833,75,41.0,87,12.66
453,1616804507,Bom Jardim,BR,-35.5872,-7.7958,100,73.11,87,8.01
454,1616804507,Arman',RU,150.1667,59.7,45,4.32,81,0.2
455,1616804508,Santa Cruz,MA,-9.5982,30.4202,0,73.4,15,17.81
456,1616804508,Piteå,SE,21.4794,65.3172,90,32.0,93,14.97
457,1616804508,Santa Lucía,ES,-15.5407,27.9117,20,64.99,72,5.75
458,1616804509,Divo,CI,-5.36,5.8397,13,73.56,96,2.93
459,1616804509,Adrar,MR,-10.0711,20.5022,0,73.81,7,9.04
460,1616804509,Jalu,LY,21.5482,29.0331,0,52.25,38,11.1
461,1616804408,Pingliang,CN,106.6861,35.5392,25,44.01,45,5.01
462,1616804510,‘Āhuimanu,US,-157.8378,21.4447,75,82.4,78,10.36
463,1616804510,Esperance,AU,121.9,-33.8667,0,62.6,72,17.27
464,1616804511,Rocky Mountain House,CA,-114.9188,52.3668,100,30.2,93,6.91
465,1616804511,Schwalmtal,DE,6.2667,51.2167,90,46.4,81,16.11
466,1616804511,Locri,IT,16.2623,38.2414,1,53.01,61,6.91
467,1616804512,Pedernales,DO,-71.744,18.0384,0,80.4,66,10.27
468,1616804512,Treinta y Tres,UY,-54.3833,-33.2333,100,69.08,94,4.9
469,1616804512,Eydhafushi,MV,73.0708,5.1033,100,83.35,75,11.68
470,1616804513,Aitape,PG,142.3475,-3.1374,100,83.28,72,1.36
471,1616804513,Brikama,GM,-16.6494,13.2714,2,71.6,78,13.58
472,1616804514,Lyuban',BY,28.0048,52.7985,26,36.91,85,3.67
473,1616804515,Cabra,ES,-4.4421,37.4725,48,59.0,52,1.01
474,1616804516,Skegness,GB,0.3363,53.1436,75,41.0,81,14.97
475,1616804516,Beringovskiy,RU,179.3167,63.05,94,3.78,84,13.18
476,1616804517,Hammerfest,NO,23.6821,70.6634,20,37.4,65,12.66
477,1616804518,Turaif,SA,38.6637,31.6725,0,44.6,87,20.71
478,1616804518,Suárez,CO,-76.6964,2.954,100,68.58,97,1.74
479,1616804518,Kudahuvadhoo,MV,72.8944,2.6708,99,82.29,72,10.4
480,1616804518,Ilebo,CD,20.5833,-4.3167,100,69.73,98,0.45
481,1616804519,Usinsk,RU,57.5281,65.9939,77,13.21,94,11.63
482,1616804519,Sault Ste. Marie,CA,-84.3333,46.5168,90,30.2,74,8.05
483,1616804519,West Bay,KY,-81.4167,19.3667,20,82.4,74,10.36
484,1616804520,Samāstipur,IN,85.7833,25.85,0,68.18,20,4.68
485,1616804520,Pirovskoye,RU,92.2658,57.6267,100,22.91,93,9.26
486,1616804521,La Libertad,EC,-80.9,-2.2333,10,74.25,79,9.57
487,1616804521,Maceió,BR,-35.7353,-9.6658,75,75.2,88,5.75
488,1616804522,Biloela,AU,150.5,-24.4167,0,81.1,36,0.83
489,1616804523,San Borja,BO,-66.85,-14.8167,53,75.11,92,2.98
490,1616804523,Lucapa,AO,20.7447,-8.4192,96,64.29,96,2.35
491,1616804524,Poum,NC,164.0167,-20.2333,6,80.91,70,7.52
492,1616804524,Tilichiki,RU,166.1,60.4667,23,3.81,85,6.44
493,1616804525,Nurota,UZ,65.6886,40.5614,0,55.4,88,11.5
494,1616804526,Causapscal,CA,-67.227,48.3542,100,28.99,1,4.25
495,1616804526,Cockburn Town,TC,-71.1419,21.4612,1,77.61,75,21.43
496,1616804527,Maţāy,EG,30.7792,28.419,0,51.21,48,12.17
497,1616804527,Frontignan,FR,3.754,43.4485,75,54.0,100,4.61
498,1616804528,Nagua,DO,-69.8474,19.3832,40,78.8,83,10.47
499,1616804528,Khandyga,RU,135.6,62.6667,100,13.23,82,4.99
500,1616804528,Namatanai,PG,152.4333,-3.6667,100,83.93,71,9.31
501,1616804529,Kidal,ML,1.4078,18.4411,0,73.99,11,20.4
502,1616804529,Yatou,CN,122.3833,37.15,100,46.33,97,7.87
503,1616804432,Lima,PE,-77.0282,-12.0432,0,75.0,78,12.66
504,1616804530,Betim,BR,-44.1983,-19.9678,0,78.8,61,8.05
505,1616804530,Saint-François,FR,3.9054,46.4154,0,50.0,71,8.05
506,1616804530,Leningradskiy,RU,178.4167,69.3833,57,-12.59,92,5.01
507,1616804521,Kaohsiung City,TW,120.3133,22.6163,75,77.0,69,3.44
508,1616804531,Ojinaga,MX,-104.4167,29.5667,1,86.0,3,11.5
509,1616804532,Adré,TD,22.2,13.4667,99,77.07,14,20.0
510,1616804532,Kalmunai,LK,81.8167,7.4167,98,78.12,87,1.25
511,1616804532,Jérémie,HT,-74.1167,18.65,28,77.74,76,2.91
512,1616804533,Popondetta,PG,148.2534,-8.7537,100,88.83,56,2.68
513,1616804534,San Carlos,VE,-68.5827,9.6612,38,80.4,60,4.52
514,1616804333,Wenzhou,CN,120.6668,27.9994,18,66.99,89,1.99
515,1616804534,Maniitsoq,GL,-52.9,65.4167,72,-8.81,73,10.96
516,1616804535,Helong,CN,128.9972,42.5397,100,48.49,56,3.02
517,1616804535,Mandalgovi,MN,106.2708,45.7625,22,34.02,22,27.02
518,1616804535,Agadez,NE,10.25,19.75,0,61.61,19,12.64
519,1616804537,Vardø,NO,31.1107,70.3705,0,33.8,69,14.97
520,1616804537,Iisalmi,FI,27.1907,63.5592,89,28.4,100,4.61
521,1616804538,Huntsville,US,-86.5861,34.7304,1,66.0,63,2.04
522,1616804538,Jacareacanga,BR,-57.7528,-6.2222,37,73.44,94,0.69
523,1616804538,Road Town,VG,-64.6167,18.4167,40,78.8,73,17.27
524,1616804260,Kasama,ZM,31.1808,-10.2129,100,60.35,96,2.95
525,1616804539,Kingston,JM,-76.7936,17.997,75,82.4,51,21.85
526,1616804539,San Ramon,US,-121.978,37.7799,1,73.0,16,8.05
527,1616804539,Valley City,US,-98.0032,46.9233,90,41.0,81,4.61
528,1616804539,Richards Bay,ZA,32.0377,-28.783,41,66.83,91,5.1
529,1616804540,Mtsensk,RU,36.5733,53.2766,100,33.51,99,5.26
530,1616804540,Aykhal,RU,111.5,66.0,100,10.87,94,5.97
531,1616804541,Kasongo-Lunda,CD,16.8167,-6.4667,100,69.62,99,0.72
532,1616804541,Cusset,FR,3.4596,46.13,0,51.8,58,11.5
533,1616804541,Port Hedland,AU,118.5667,-20.3167,0,84.2,70,5.75
534,1616804293,Hambantota,LK,81.1185,6.1241,100,79.07,83,10.74
535,1616804404,Dubai,AE,55.3047,25.2582,0,82.0,28,2.3
536,1616804542,Sri Aman,MY,111.4621,1.2376,40,73.4,100,3.44
537,1616804543,Eyl,SO,49.8164,7.9803,87,78.98,66,11.34
538,1616804543,Caniço,PT,-16.85,32.6333,40,64.4,88,6.91
539,1616804544,Mehamn,NO,27.8492,71.0357,58,30.96,85,18.7
540,1616804339,Yaan,NG,8.5667,7.3833,9,85.37,45,2.04
541,1616804544,Nizhniy Kuranakh,RU,125.4869,58.8353,100,29.35,94,1.03
542,1616804544,Margate,GB,1.3862,51.3813,60,41.0,75,8.01
543,1616804545,Polyarnyye Zori,RU,32.4981,67.3661,67,28.99,96,3.18
544,1616804545,Ginir,ET,40.7,7.1333,70,58.21,30,4.7
545,1616804546,Lompoc,US,-120.4579,34.6391,20,61.0,72,14.97
546,1616804546,Whitley Bay,GB,-1.4471,55.0397,90,39.2,70,18.41
547,1616804294,Xaçmaz,AZ,48.806,41.4635,100,42.84,95,4.97
